ILX,233
MDX,233
RDX,233
TLX,233
NSX,233
Giulia,234
Stelvio,234
Tonale,234
4C,234
Giulietta,234
Hummer,235
M151,235
M998,235
Humvee,235
M992,235
AMX,236
Gremlin,236
Javelin,236
Pacer,236
Hornet,236
Marauder,237
Phantom,237
Drophead Coupe,237
Ghost,237
Wraith,237
DB11,238
Vantage,238
DBS Superleggera,238
DBX,238
Rapide,238
A3,239
A4,239
A6,239
Q5,239
e-tron,239
Cobra,240
427,240
289,240
Daytona Coupe,240
CSX,240
V8 Vantage,241
DB7,241
Virage,241
Lagonda,241
Vanquish,241
Avanti II,242
Avanti Convertible,242
Avanti Sedan,242
Avanti Coupe,242
AVX,242
Transit Connect Electric,243
Focus Electric,243
E450 Electric,243
Lightning,243
E-Transit,243
Continental GT,244
Bentayga,244
Flying Spur,244
Mulsanne,244
Arnage,244
X1/9,245
Ritmo,245
Panda,245
Barchetta,245
Coupe,245
Bill Dovell Special,246
BD1,246
BD2,246
BD3,246
BD4,246
SC,247
CD,247
Targa,247
Rallye,247
Coupe,247
3 Series,248
5 Series,248
7 Series,248
X3,248
X5,248
B3,249
B5,249
B7,249
XB7,249
D3,249
Veyron,250
Chiron,250
Divo,250
Centodieci,250
La Voiture Noire,250
Enclave,251
LaCrosse,251
Regal,251
Encore,251
Envision,251
Han,252
Tang,252
Song,252
Qin,252
Yuan,252
Escalade,253
CT5,253
XT4,253
CT4,253
Lyriq,253
Cimaron,254
Allante,254
Calais,254
Seville,254
DeVille,254
Cobra,255
Mustang GT500,255
Shelby GT350,255
Daytona Coupe,255
Super Snake,255
Silverado,256
Camaro,256
Corvette,256
Tahoe,256
Equinox,256
300,257
Pacifica,257
Voyager,257
Pacifica Hybrid,257
Town & Country,257
CODA Sedan,258
CODA SUV,258
CODA Pickup,258
CODA Van,258
CODA Hatchback,258
Consulier GTP,259
Mosler MT900,259
Intruder,259
Raptor,259
Gurney Eagle,259
CX6450,260
CX6460,260
CX6470,260
CX6480,260
CX6490,260
Empress,261
Royale,261
Ambassador,261
Marquis,261
Monarch,261
Sandero,262
Duster,262
Logan,262
Spring,262
Jogger,262
Charade,263
Rocky,263
Terios,263
Sirion,263
Copen,263
Challenger,264
Charger,264
Durango,264
Ram,264
Journey,264
Dutton,265
Dutton B-Type,265
Dutton Malvern,265
Dutton Melos,265
Dutton Phaeton,265
Talon,266
Vision,266
Summit,266
Premier,266
Medallion,266
EV1,267
Impact,267
Spark EV,267
Bolt EV,267
Volt,267
Automobile,268
Stradale,268
GTV,268
Montreal,268
33 Stradale,268
F8 Tributo,269
SF90 Stradale,269
Roma,269
Portofino,269
812 Superfast,269
500,270
Panda,270
Tipo,270
Punto,270
Multipla,270
Karma,271
Ocean,271
Pear,271
Alaska,271
Orbit,271
Mustang,272
F-150,272
Explorer,272
Escape,272
Bronco,272
Chevrolet Silverado,273
GMC Sierra,273
Cadillac Escalade,273
Buick Enclave,273
Chevrolet Bolt,273
G70,274
G80,274
G90,274
GV70,274
GV80,274
Metro,275
Prizm,275
Tracker,275
Storm,275
Spectrum,275
Canyon,276
Sierra,276
Yukon,276
Acadia,276
Terrain,276
Goldacre GT,277
Goldacre Roadster,277
Goldacre Coupe,277
Goldacre Spyder,277
Goldacre Superlight,277
Olson Kurbmaster,278
Olson Kurb-Side,278
Olson Step-Van,278
Grumman LLV,278
Grumman Step-Van,278
P-600,279
P-700,279
Grumman-Olson Kurbside,279
Grumman-Olson Route Star,279
Grumman-Olson Walk-In Van,279
Civic,280
Accord,280
CR-V,280
Pilot,280
Odyssey,280
H1,281
H2,281
H3,281
H3T,281
H1 Alpha,281
Elantra,282
Sonata,282
Tucson,282
Santa Fe,282
Palisade,282
Imported Sedan,283
Imported SUV,283
Imported Coupe,283
Imported Hatchback,283
Imported Wagon,283
Import Trade Coupe,284
Import Trade Sedan,284
Import Trade SUV,284
Import Trade Crossover,284
Import Trade Compact,284
Grenadier,285
Grenadier Pickup,285
Grenadier Station Wagon,285
Grenadier Utility,285
Grenadier Adventure,285
Q50,286
Q60,286
QX50,286
QX60,286
QX80,286
Isis GT,287
Isis Roadster,287
Isis Coupe,287
Isis Spyder,287
Isis Superlight,287
Trooper,288
Rodeo,288
Axiom,288
Ascender,288
VehiCROSS,288
J.K. Cruiser,289
J.K. Roadster,289
J.K. GT,289
J.K. Coupe,289
J.K. Spyder,289
XE,290
XF,290
F-PACE,290
I-PACE,290
F-TYPE,290
JBA Falcon,291
JBA Javelin,291
JBA Speedster,291
JBA Roadster,291
JBA GT,291
Wrangler,292
Grand Cherokee,292
Cherokee,292
Compass,292
Gladiator,292
K23,293
K27,293
EX3,293
K3,293
K5,293
Revero,294
GS-6,294
GSe-6,294
Ocean,294
Karma GT,294
Kenyon Cruiser,295
Kenyon Roadster,295
Kenyon GT,295
Kenyon Coupe,295
Kenyon Sport,295
Sportage,296
Sorento,296
Telluride,296
Soul,296
Forte,296
Jesko,297
Regera,297
Gemera,297
Agera,297
CCX,297
Laforza,298
Laforza Prima,298
Laforza Magnum,298
Laforza GT,298
Laforza SUV,298
Lambda GT,299
Lambda Coupe,299
Lambda Roadster,299
Lambda Sport,299
Lambda Turbo,299
Aventador,300
Huracan,300
Urus,300
Sian,300
Countach,300
Range Rover,301
Discovery,301
Defender,301
Range Rover Sport,301
Range Rover Evoque,301
IS,302
ES,302
RX,302
NX,302
LS,302
